temperature_c,current_a,derived_from_run
23.0,0.005,False
54.297,0.014009,True
61.269,0.014674,True
69.785,0.015343,True
79.506,0.01634,True
89.101,0.017072,True
98.656,0.017907,True
108.704,0.018573,True
118.546,0.019011,True
128.347,0.020016,True
137.969,0.020616,True
147.526,0.021368,True
157.876,0.022002,True
166.591,0.022879,True
176.534,0.023053,True
184.434,0.024165,True
200.0,0.025165,False
250.0,0.028137,False
300.0,0.030824,False
350.0,0.033294,False
400.0,0.035594,False
450.0,0.037754,False
500.0,0.039797,False
550.0,0.04174,False
600.0,0.043596,False
