resistivity,temperature,measured_on_this_wire
87.71265727543332,23.0,False
87.75014088104967,27.65126065,False
87.75891479871237,28.50063074,False
87.77842911089219,36.22539758,False
87.77812657599155,36.26571378,False
87.77600842614396,36.3878266,False
87.78417727400529,37.16921046,False
87.80853255013884,38.20054891,False
87.88719446311691,50.97176127,False
87.88628685841483,52.08131349,False
87.8885562757127,52.88908605,False
87.87630280114942,54.81568417,False
88.02969448448202,77.55693463,False
88.12590423278549,89.8491288,False
88.19261601718634,98.75859786,False
88.22150931683021,100.6309217,False
88.249343338779,103.1813449,False
88.28912830039042,107.8191277,False
88.331636076108,109.2599263,False
88.32482904084256,111.2109241,False
88.34056126122107,112.3859617,False
88.38231269968692,115.3222316,False
88.36068064320231,117.1615468,False
88.42648482290109,121.7459083,False
88.45235236799537,125.1492618,False
88.45946234370427,125.5306163,False
88.48109440018895,126.5211418,False
88.4826070746924,127.0648365,False
88.50847502532947,128.147488,False
88.51649260574042,129.0889851,False
88.52904820966171,130.3555933,False
88.54947012654361,130.9694511,False
88.57125345047865,132.1321915,False
88.59167536736054,133.6341383,False
88.61330742384523,135.5410031,False
88.62147627170648,137.0584095,False
88.70089492747907,138.9126816,False
88.73024202947401,144.8851657,False
88.72615740277192,146.8183414,False
88.78575921146387,152.2564518,False
88.77789330404606,153.5357518,False
88.8005842326831,155.1532419,False
88.80527352364378,156.7749152,False
88.81147589465058,158.108287,False
88.8317465440822,160.8720879,False
88.84520975270556,162.1934063,False
88.86548040213708,164.1110703,False
88.87894401630317,165.6175599,False
88.87773347115765,166.7193834,False
88.90299635199337,168.5045546,False
89.0246202485828,184.7609258,False
89.15819467929208,203.5660522,False
89.18376009502849,204.5301258,False
89.19223147779047,205.2092435,False
89.23534432330949,215.300573,False
89.36559087011128,231.5586463,False
89.46845679177252,239.4864207,False
89.5280586004645,246.8079911,False
89.61095640759487,251.1197398,False
89.63939590488782,255.0584595,False
89.65013629940495,257.4471712,False
89.67494497234685,257.9734484,False
89.78129045090878,267.0150136,False
89.79641760148594,270.1891951,False
89.84195113175318,273.5808269,False
90.48864543670895,293.0104366,False
90.65065936471117,293.4011055,False
