temperature_c,current_a,estimated_wire_current_a,measured_on_this_wire
23.0,0.001,0.0001,False
71.926687,0.03812223,0.003812223,False
90.263618,0.04624808,0.004624808,False
107.788305,0.05906474,0.005906474,False
131.150515,0.07691149,0.007691149,False
150.708022,0.0887492,0.00887492,False
172.03882,0.0926521,0.00926521,False
189.421769,0.09663936,0.009663936,False
209.886896,0.10187597,0.010187597,False
231.089205,0.1085508,0.01085508,False
250.356478,0.12012248,0.012012248,False
272.622413,0.12825088,0.012825088,False
288.107826,0.14786545,0.014786545,False
309.504673,0.1624724,0.01624724,False
330.521403,0.16605267,0.016605267,False
349.80673,0.17059653,0.017059653,False
370.599112,0.17585776,0.017585776,False
391.123126,0.18194753,0.018194753,False
410.64369,0.18834957,0.018834957,False
429.394932,0.19588157,0.019588157,False
449.394217,0.20396654,0.020396654,False
468.63848,0.21252979,0.021252979,False
499.67251,0.216,0.0216,False
600.0,0.25173432,0.025173432,False
